label_name,mean,std,max,min,count
Live,0.00369,0.00236,0.02172,0.00081,1000
Spoof,0.00257,0.00177,0.01354,0.00032,1000
